{
  "corpus_hash_sha256": "2190739e13ae0198707865b7ec5fbbf0cc884722a3549d85781098543fc76f2a",
  "max_eval_5gram_overlap": 0.08,
  "mode": "accessible",
  "n_samples": 512,
  "name": "d_gutenberg_accessible_v0",
  "output_file": "eval/domain/d_gutenberg_accessible_v0.csv",
  "random_seed": 23,
  "score_note": "Heuristic contrast corpus. Accessible/formal labels are not ground truth.",
  "source_file": "data/domain/raw/gutenberg-poetry-v001.ndjson.gz",
  "summary": {
    "accessible_score": {
      "25%": -2.347145993956966,
      "50%": -2.2749555627411446,
      "75%": -2.1813972075481898,
      "count": 512.0,
      "max": -1.8039777303956408,
      "mean": -2.2490079493411486,
      "min": -2.3891656191074797,
      "std": 0.11819418855620975
    },
    "archaic_rate": {
      "25%": 0.0,
      "50%": 0.0,
      "75%": 0.0,
      "count": 512.0,
      "max": 0.02631578947368421,
      "mean": 0.0011806062523118874,
      "min": 0.0,
      "std": 0.0038165959475781044
    },
    "avg_line_words": {
      "25%": 7.796428571428571,
      "50%": 8.908333333333333,
      "75%": 10.615384615384615,
      "count": 512.0,
      "max": 13.125,
      "mean": 9.086598866628163,
      "min": 4.375,
      "std": 1.785527441696648
    },
    "avg_word_len": {
      "25%": 2.911621621621622,
      "50%": 3.0625067824199674,
      "75%": 3.183028455284553,
      "count": 512.0,
      "max": 3.3653846153846154,
      "mean": 3.0259475546518035,
      "min": 2.328358208955224,
      "std": 0.19473728030937035
    },
    "char_len": {
      "25%": 265.75,
      "50%": 363.5,
      "75%": 473.25,
      "count": 512.0,
      "max": 728.0,
      "mean": 380.125,
      "min": 145.0,
      "std": 136.58513470186432
    },
    "formal_score": {
      "25%": 2.1813972075481898,
      "50%": 2.2749555627411446,
      "75%": 2.347145993956966,
      "count": 512.0,
      "max": 2.3891656191074797,
      "mean": 2.2490079493411486,
      "min": 1.8039777303956408,
      "std": 0.11819418855620975
    },
    "punctuation_rate": {
      "25%": 0.027834466064612234,
      "50%": 0.03237109247084309,
      "75%": 0.03848802712439076,
      "count": 512.0,
      "max": 0.15024630541871922,
      "mean": 0.03542233926808036,
      "min": 0.004310344827586207,
      "std": 0.014512869355840105
    },
    "word_len": {
      "25%": 60.75,
      "50%": 84.0,
      "75%": 109.0,
      "count": 512.0,
      "max": 172.0,
      "mean": 87.119140625,
      "min": 35.0,
      "std": 30.919937406167577
    }
  },
  "target_samples": 512
}