{
  "corpus_hash_sha256": "4e9b4bb51877f4097699b3df5b46cf9ca8f9fa9d10f1975b206ff768b4d741c3",
  "max_eval_5gram_overlap": 0.08,
  "mode": "formal",
  "n_samples": 512,
  "name": "d_gutenberg_formal_v0",
  "output_file": "eval/domain/d_gutenberg_formal_v0.csv",
  "random_seed": 23,
  "score_note": "Heuristic contrast corpus. Accessible/formal labels are not ground truth.",
  "source_file": "data/domain/raw/gutenberg-poetry-v001.ndjson.gz",
  "summary": {
    "accessible_score": {
      "25%": -4.816235566001912,
      "50%": -4.673131816772746,
      "75%": -4.599427309513878,
      "count": 512.0,
      "max": -4.545971014492753,
      "mean": -4.737418257847152,
      "min": -5.866288288288288,
      "std": 0.20158365293692862
    },
    "archaic_rate": {
      "25%": 0.12121621621621623,
      "50%": 0.1590909090909091,
      "75%": 0.18604651162790697,
      "count": 512.0,
      "max": 0.35135135135135137,
      "mean": 0.13838746909928912,
      "min": 0.0,
      "std": 0.07535433079135635
    },
    "avg_line_words": {
      "25%": 5.333333333333333,
      "50%": 5.833333333333333,
      "75%": 6.555555555555555,
      "count": 512.0,
      "max": 11.333333333333334,
      "mean": 5.937663828142344,
      "min": 2.7142857142857144,
      "std": 1.1974859778177538
    },
    "avg_word_len": {
      "25%": 4.4770021645021645,
      "50%": 4.735271467077396,
      "75%": 5.060179455445544,
      "count": 512.0,
      "max": 7.4375,
      "mean": 4.991532583083708,
      "min": 3.3658536585365852,
      "std": 0.7874412151963681
    },
    "char_len": {
      "25%": 268.0,
      "50%": 317.0,
      "75%": 396.25,
      "count": 512.0,
      "max": 829.0,
      "mean": 341.193359375,
      "min": 179.0,
      "std": 101.09759537908032
    },
    "formal_score": {
      "25%": 4.599427309513878,
      "50%": 4.673131816772746,
      "75%": 4.816235566001912,
      "count": 512.0,
      "max": 5.866288288288288,
      "mean": 4.737418257847152,
      "min": 4.545971014492753,
      "std": 0.20158365293692862
    },
    "punctuation_rate": {
      "25%": 0.028101881209046713,
      "50%": 0.03413353818577556,
      "75%": 0.041999060128831124,
      "count": 512.0,
      "max": 0.12098765432098765,
      "mean": 0.03618994923370525,
      "min": 0.0,
      "std": 0.014074514324766783
    },
    "word_len": {
      "25%": 44.0,
      "50%": 51.0,
      "75%": 64.0,
      "count": 512.0,
      "max": 119.0,
      "mean": 54.755859375,
      "min": 35.0,
      "std": 15.080896173537422
    }
  },
  "target_samples": 512
}