target,domain_variant,control_variant,generic_metric,pool_target,supervised_metric,analysis,n_pairs,observed_mean_generic_rho,observed_mean_supervised_rho,observed_mean_diff,boot_mean,boot_std,ci95_low,ci95_high,p_boot_le_zero,p_boot_ge_zero,n_boot,ci_excludes_zero
Aesthetic_Appeal,accessible,matchedctrl,v_struct,Creativity,v_pref_struct,domain_contrast_summary,27,-0.07191435632116722,0.3459841446716458,0.417898500992813,0.4114117360163362,0.2417254408571538,-0.06891595260517103,0.8883335206348372,0.0456,0.9544,5000,False
Aesthetic_Appeal,accessible,wordctrl,v_struct,Creativity,v_pref_struct,domain_contrast_summary,27,-0.08997876205578025,0.3459841446716458,0.43596290672742594,0.4240818858127726,0.21353570891989665,-0.014750183061989499,0.83544728967569,0.0284,0.9716,5000,False
Aesthetic_Appeal,formal,matchedctrl,v_struct,Creativity,v_pref_struct,domain_contrast_summary,27,-0.24728068942654333,0.3459841446716458,0.5932648340981892,0.5813777452004437,0.22827533724143895,0.10854033720842764,1.0011130505817971,0.0066,0.9934,5000,True
Aesthetic_Appeal,formal,wordctrl,v_struct,Creativity,v_pref_struct,domain_contrast_summary,27,-0.03158052879020232,0.3459841446716458,0.37756467346184797,0.3670716384443539,0.2158720763008057,-0.06721607380690324,0.7809571409112831,0.0504,0.9496,5000,False
