target,domain_variant,control_variant,generic_metric,pool_target,supervised_metric,analysis,n_pairs,observed_mean_generic_rho,observed_mean_supervised_rho,observed_mean_diff,boot_mean,boot_std,ci95_low,ci95_high,p_boot_le_zero,p_boot_ge_zero,n_boot,ci_excludes_zero
Aesthetic_Appeal,accessible,matchedctrl,v_struct,Surprise,v_pref_struct,domain_contrast_summary,45,-0.07191435632116722,0.2590804793957086,0.3309948357168758,0.32491547005696597,0.22458432757043098,-0.12392227796189954,0.7600449994627143,0.0798,0.9202,5000,False
Aesthetic_Appeal,accessible,wordctrl,v_struct,Surprise,v_pref_struct,domain_contrast_summary,45,-0.08997876205578023,0.2590804793957086,0.3490592414514888,0.3375856198534024,0.18829772482068974,-0.04058440036809665,0.6978562052760567,0.0416,0.9584,5000,False
Aesthetic_Appeal,formal,matchedctrl,v_struct,Surprise,v_pref_struct,domain_contrast_summary,45,-0.2472806894265433,0.2590804793957086,0.5063611688222518,0.49488147924107345,0.21821962700266057,0.04427956586935316,0.8919109831022312,0.0164,0.9836,5000,True
Aesthetic_Appeal,formal,wordctrl,v_struct,Surprise,v_pref_struct,domain_contrast_summary,45,-0.03158052879020231,0.2590804793957086,0.29066100818591095,0.28057537248498376,0.19450411325322725,-0.10678285987461981,0.6556951253253712,0.082,0.918,5000,False
