analysis,method,feature_set,metric,n_runs,observed_mean_rho,boot_mean,boot_std,ci95_low,ci95_high,p_boot_le_zero,p_boot_ge_zero,n_boot,ci_excludes_zero
absolute_effect,compression_distilgpt2,other_human_plus_surface,score_pref_struct,25,0.20897812097812105,0.18684303914460948,0.13950583160400748,-0.058346924991663635,0.4473539463629518,0.11,0.89,100,False
absolute_effect,compression_distilgpt2,other_human_targets,score_pref_struct,25,0.2665431145431146,0.22197839400932232,0.13917437187888176,-0.023381424737462214,0.4723673953760695,0.03,0.97,100,False
absolute_effect,compression_distilgpt2,stacked,score_pref_struct,25,0.28550836550836556,0.2566283373609815,0.14573421894866376,-0.023543634729084387,0.5195455900918138,0.04,0.96,100,False
absolute_effect,embedding_contrast,other_human_plus_surface,score_pref_struct,25,0.18947747747747748,0.1731108833834485,0.1520945927250718,-0.1413670653190132,0.4397434135001587,0.12,0.88,100,False
absolute_effect,embedding_contrast,other_human_targets,score_pref_struct,25,0.13817245817245818,0.1211963000176543,0.13954077696160902,-0.15607367055901192,0.3762363590218845,0.19,0.81,100,False
absolute_effect,embedding_contrast,stacked,score_pref_struct,25,0.272936936936937,0.2314319342843792,0.1706624514171039,-0.09103559200260442,0.5744866261752729,0.09,0.91,100,False
absolute_effect,tfidf_contrast,other_human_plus_surface,score_pref_struct,25,0.13953153153153156,0.1224314638399671,0.14307811303778162,-0.13556144497296133,0.3891950795461627,0.18,0.82,100,False
absolute_effect,tfidf_contrast,other_human_targets,score_pref_struct,25,0.09637065637065638,0.06374817190492035,0.1264445029126245,-0.14464721981675788,0.32728828169261764,0.34,0.66,100,False
absolute_effect,tfidf_contrast,stacked,score_pref_struct,25,0.24679536679536682,0.20417181664359405,0.1610294145277079,-0.11063487378640775,0.5060303241243681,0.09,0.91,100,False
