target,domain_variant,control_variant,generic_metric,pool_target,supervised_metric,analysis,n_pairs,observed_mean_generic_rho,observed_mean_supervised_rho,observed_mean_diff,boot_mean,boot_std,ci95_low,ci95_high,p_boot_le_zero,p_boot_ge_zero,n_boot,ci_excludes_zero
Creativity,accessible,matchedctrl,v_struct,Creativity,v_pref_struct,domain_contrast_summary,27,-0.18390954463045314,0.34060820214405496,0.5245177467745081,0.5144210203744372,0.1959011125599182,0.125039779467804,0.8861874322084615,0.0052,0.9948,5000,True
Creativity,accessible,wordctrl,v_struct,Creativity,v_pref_struct,domain_contrast_summary,27,0.17369473211655626,0.34060820214405496,0.16691347002749876,0.16091789669439754,0.2286985941702677,-0.28236224390300974,0.6164710749978853,0.245,0.755,5000,False
Creativity,formal,matchedctrl,v_struct,Creativity,v_pref_struct,domain_contrast_summary,27,-0.3516384828838512,0.34060820214405496,0.6922466850279062,0.6772341002481705,0.21557261367708033,0.23547875283490577,1.0637695157599207,0.0016,0.9984,5000,True
Creativity,formal,wordctrl,v_struct,Creativity,v_pref_struct,domain_contrast_summary,27,0.17360889335593524,0.34060820214405496,0.1669993087881197,0.16283706801083786,0.2443889031439513,-0.31213841604910053,0.64621399154277,0.2562,0.7438,5000,False
