target,domain_variant,control_variant,generic_metric,pool_target,supervised_metric,analysis,n_pairs,observed_mean_generic_rho,observed_mean_supervised_rho,observed_mean_diff,boot_mean,boot_std,ci95_low,ci95_high,p_boot_le_zero,p_boot_ge_zero,n_boot,ci_excludes_zero
Creativity,accessible,matchedctrl,v_struct,Aesthetic_Appeal,v_pref_struct,domain_contrast_summary,27,-0.18390954463045314,0.377804998413147,0.5617145430436001,0.5511492724698488,0.16864162924972317,0.21535037216824793,0.8729902845872761,0.001,0.999,5000,True
Creativity,accessible,wordctrl,v_struct,Aesthetic_Appeal,v_pref_struct,domain_contrast_summary,27,0.17369473211655626,0.377804998413147,0.2041102662965908,0.19764614878980918,0.18891507764614907,-0.17551786540197148,0.5689432226586499,0.1506,0.8494,5000,False
Creativity,formal,matchedctrl,v_struct,Aesthetic_Appeal,v_pref_struct,domain_contrast_summary,27,-0.3516384828838512,0.377804998413147,0.7294434812969982,0.7139623523435822,0.17480963331045563,0.34799457185305716,1.0368350602668033,0.0,1.0,5000,True
Creativity,formal,wordctrl,v_struct,Aesthetic_Appeal,v_pref_struct,domain_contrast_summary,27,0.17360889335593524,0.377804998413147,0.20419610505721175,0.1995653201062495,0.20026982113616662,-0.1879996055824114,0.5941551785554067,0.1618,0.8382,5000,False
