target,domain_variant,control_variant,generic_metric,pool_target,supervised_metric,analysis,n_pairs,observed_mean_generic_rho,observed_mean_supervised_rho,observed_mean_diff,boot_mean,boot_std,ci95_low,ci95_high,p_boot_le_zero,p_boot_ge_zero,n_boot,ci_excludes_zero
Surprise,accessible,matchedctrl,v_struct,Aesthetic_Appeal,v_pref_struct,domain_contrast_summary,27,-0.29356346010271495,0.3773958095076868,0.6709592696104016,0.6554955421068842,0.19559671473590473,0.24795038248009355,1.0168517538002968,0.0006,0.9994,5000,True
Surprise,accessible,wordctrl,v_struct,Aesthetic_Appeal,v_pref_struct,domain_contrast_summary,27,0.07619171540902457,0.3773958095076868,0.3012040940986622,0.29312375091124365,0.20390802012576098,-0.10012303933220823,0.70258433499451,0.0722,0.9278,5000,False
Surprise,formal,matchedctrl,v_struct,Aesthetic_Appeal,v_pref_struct,domain_contrast_summary,27,-0.44298507212458244,0.3773958095076868,0.8203808816322692,0.7983575663676984,0.16042910312800046,0.4653680598460626,1.0960086255378336,0.0,1.0,5000,True
Surprise,formal,wordctrl,v_struct,Aesthetic_Appeal,v_pref_struct,domain_contrast_summary,27,0.01644024056431347,0.3773958095076868,0.3609555689433734,0.35137010803145396,0.1984287670161031,-0.028693048369530634,0.7366711065279913,0.0358,0.9642,5000,False
