target,domain_variant,control_variant,generic_metric,pool_target,supervised_metric,analysis,n_pairs,observed_mean_generic_rho,observed_mean_supervised_rho,observed_mean_diff,boot_mean,boot_std,ci95_low,ci95_high,p_boot_le_zero,p_boot_ge_zero,n_boot,ci_excludes_zero
Creativity,accessible,matchedctrl,v_struct,Surprise,v_pref_struct,domain_contrast_summary,45,-0.1839095446304531,0.2874654254436053,0.4713749700740584,0.46204423354942503,0.1824031722819987,0.10009971539977221,0.807777047193863,0.007,0.993,5000,True
Creativity,accessible,wordctrl,v_struct,Surprise,v_pref_struct,domain_contrast_summary,45,0.1736947321165563,0.2874654254436053,0.113770693327049,0.10854110986938538,0.21769684567485223,-0.3236744001668961,0.5452404854482912,0.3106,0.6894,5000,False
Creativity,formal,matchedctrl,v_struct,Surprise,v_pref_struct,domain_contrast_summary,45,-0.3516384828838512,0.2874654254436053,0.6391039083274564,0.6248573134231583,0.2000382186159405,0.21458897400069737,0.9826272559821124,0.0024,0.9976,5000,True
Creativity,formal,wordctrl,v_struct,Surprise,v_pref_struct,domain_contrast_summary,45,0.17360889335593524,0.2874654254436053,0.11385653208766996,0.11046028118582567,0.22830255661781432,-0.33977152521614024,0.5548577202283956,0.3162,0.6838,5000,False
