target,domain_variant,control_variant,generic_metric,pool_target,supervised_metric,analysis,n_pairs,observed_mean_generic_rho,observed_mean_supervised_rho,observed_mean_diff,boot_mean,boot_std,ci95_low,ci95_high,p_boot_le_zero,p_boot_ge_zero,n_boot,ci_excludes_zero
Surprise,accessible,matchedctrl,v_struct,Creativity,v_pref_struct,domain_contrast_summary,27,-0.29356346010271495,0.2945221164280492,0.5880855765307641,0.5753211678376758,0.20432384800994577,0.1495307047677295,0.9550164189390696,0.0036,0.9964,5000,True
Surprise,accessible,wordctrl,v_struct,Creativity,v_pref_struct,domain_contrast_summary,27,0.07619171540902457,0.2945221164280492,0.2183304010190246,0.21294937664203525,0.21736454439246544,-0.20914642226438018,0.6431183313730172,0.1664,0.8336,5000,False
Surprise,formal,matchedctrl,v_struct,Creativity,v_pref_struct,domain_contrast_summary,27,-0.44298507212458244,0.2945221164280492,0.7375071885526315,0.7181831920984899,0.1712148996284563,0.3588568010880646,1.0430220779052208,0.0002,0.9998,5000,True
Surprise,formal,wordctrl,v_struct,Creativity,v_pref_struct,domain_contrast_summary,27,0.01644024056431347,0.2945221164280492,0.2780818758637357,0.2711957337622456,0.22542455402826564,-0.16604166872552953,0.7089922869056255,0.1192,0.8808,5000,False
