,split_half_spearman_mean,split_half_spearman_mean,split_half_spearman_mean,split_half_spearman_mean,split_half_spearman_mean,spearman_brown_spearman,spearman_brown_spearman,spearman_brown_spearman,spearman_brown_spearman,spearman_brown_spearman,split_half_pearson_mean,split_half_pearson_mean,split_half_pearson_mean,split_half_pearson_mean,split_half_pearson_mean,spearman_brown_pearson,spearman_brown_pearson,spearman_brown_pearson,spearman_brown_pearson,spearman_brown_pearson
,count,mean,std,min,max,count,mean,std,min,max,count,mean,std,min,max,count,mean,std,min,max
dataset,,,,,,,,,,,,,,,,,,,,
chaudhuri_2024,6,0.6335880977932474,0.1630239826980649,0.45370199536811984,0.845942872989377,6,0.7655530050114315,0.12218514412586426,0.6242022048724357,0.9165428522925316,6,0.6541195905578872,0.1737376504111958,0.4582880232337102,0.8744312583220547,6,0.7797925642938472,0.1270593807722767,0.6285288172599405,0.9330096843400107
porter_machery_2024,15,0.9211930579245332,0.10363741351456045,0.5521239293138576,0.9804480852070692,15,0.9555496475687962,0.06817765286942411,0.7114430992091375,0.9901275297550218,15,0.9559227898224797,0.08949290608951485,0.6342639489453367,0.9961871282950738,15,0.9751061313132777,0.055240193117864315,0.7762074778124494,0.9980899227077059
