metric,spearman_rho,p_value
v_raw,-0.438791242676534,0.0022848142184514236
v_ctrl,0.03492210770326124,0.8177769737301533
v_struct,-0.1669441874807277,0.2674672762403016
word_len,0.16626566627411066,0.26944439127842895
is_ai,0.3971965414559176,0.0062717766989387295
