metric,spearman_rho,p_value
v_raw,-0.5072463768115941,0.0003209287348742288
v_ctrl,-0.3879740980573543,0.007717131143444619
v_struct,-0.11871723712611777,0.4319815372166098
word_len,0.16626566627411066,0.26944439127842895
is_ai,0.3971965414559176,0.0062717766989387295
