metric,spearman_rho,p_value
v_raw,0.4168302926522456,4.414024912592292e-11
v_ctrl,0.25842144575216425,7.32828271060678e-05
v_struct,0.324932850618896,4.694739584393102e-07
word_len,0.08812188377603387,0.18294389773039688
is_ai,0.244404484519884,0.00018161198392868978
