metric,spearman_rho,p_value
v_raw,-0.2262719703977798,0.13050721446297733
v_ctrl,-0.04627487769866772,0.7600784626352229
v_struct,-0.07443724946037619,0.6229688821293942
word_len,0.16626566627411066,0.26944439127842895
is_ai,0.3971965414559176,0.0062717766989387295
