metric,spearman_rho,p_value
v_raw,-0.45729263028060435,0.0013981241964025708
v_ctrl,-0.35516497070613634,0.015431013918304584
v_struct,-0.1267345050878816,0.4013057111251081
word_len,0.16626566627411066,0.26944439127842895
is_ai,0.3971965414559176,0.0062717766989387295
