metric,spearman_rho,p_value
v_raw,-0.41510946654332403,0.004122822436846408
v_ctrl,-0.3700894233734196,0.011354733209522048
v_struct,0.023496762257169287,0.8768226215279392
word_len,0.16626566627411066,0.26944439127842895
is_ai,0.3971965414559176,0.0062717766989387295
