metric,spearman_rho,p_value
v_raw,-0.2262719703977798,0.13050721446297733
v_ctrl,-0.16040703052728952,0.28691782671289645
v_struct,0.0929386370644465,0.5390005020292906
word_len,0.16626566627411066,0.26944439127842895
is_ai,0.3971965414559176,0.0062717766989387295
