metric,spearman_rho,p_value
v_raw,-0.49811902559358623,0.0004271281200754144
v_ctrl,-0.3903176071538698,0.007324948192258912
v_struct,-0.10514955288313291,0.48676450435219243
word_len,0.16626566627411066,0.26944439127842895
is_ai,0.3971965414559176,0.0062717766989387295
