metric,spearman_rho,p_value
v_raw,-0.5279679309281529,0.00016264482288825128
v_ctrl,-0.35356151711378353,0.015935045264773483
v_struct,-0.13684859697810667,0.3644671798949657
word_len,0.16626566627411066,0.26944439127842895
is_ai,0.3971965414559176,0.0062717766989387295
