metric,spearman_rho,p_value
v_raw,-0.4362010484119642,0.0024421982947356886
v_ctrl,0.07292920725310034,0.6300477009262864
v_struct,-0.2034535923527598,0.17505232616499738
word_len,0.16626566627411066,0.26944439127842895
is_ai,0.3971965414559176,0.0062717766989387295
