metric,spearman_rho,p_value
v_raw,-0.22306506321307432,0.13619469755243624
v_ctrl,-0.03664970313734484,0.8089267989656795
v_struct,-0.047548566142460676,0.7536786373672604
word_len,0.16626566627411066,0.26944439127842895
is_ai,0.3971965414559176,0.0062717766989387295
