metric,spearman_rho,p_value
v_raw,-0.5255010792476102,0.00017675945603042972
v_ctrl,-0.3799568300955905,0.009199311008872012
v_struct,-0.11341350601295097,0.4529746142757803
word_len,0.16626566627411066,0.26944439127842895
is_ai,0.3971965414559176,0.0062717766989387295
