metric,spearman_rho,p_value
v_raw,-0.5076164045636756,0.00031717706046566576
v_ctrl,-0.34307739747147703,0.019587118544981554
v_struct,-0.09318532223250076,0.5379190372645507
word_len,0.16626566627411066,0.26944439127842895
is_ai,0.3971965414559176,0.0062717766989387295
