metric,spearman_rho,p_value
v_raw,-0.4646931853222325,0.0011398534942237732
v_ctrl,-0.3064446500154179,0.038327433160617756
v_struct,-0.06247301880974406,0.6800058590697725
word_len,0.16626566627411066,0.26944439127842895
is_ai,0.3971965414559176,0.0062717766989387295
