metric,spearman_rho,p_value
v_raw,-0.5076164045636756,0.00031717706046566576
v_ctrl,-0.40117175454825776,0.005725270735492915
v_struct,-0.1330249768732655,0.3781470099821931
word_len,0.16626566627411066,0.26944439127842895
is_ai,0.3971965414559176,0.0062717766989387295
