metric,spearman_rho,p_value
v_raw,-0.22306506321307432,0.13619469755243624
v_ctrl,-0.1382053654024052,0.35968576818874776
v_struct,0.02448350292938637,0.8716922251806313
word_len,0.16626566627411066,0.26944439127842895
is_ai,0.3971965414559176,0.0062717766989387295
