metric,spearman_rho,p_value
v_raw,-0.438791242676534,0.0022848142184514236
v_ctrl,-0.3127351218008017,0.034336434250635914
v_struct,-0.02337341967314215,0.8774642769200871
word_len,0.16626566627411066,0.26944439127842895
is_ai,0.3971965414559176,0.0062717766989387295
