metric,spearman_rho,p_value
v_raw,-0.4362010484119642,0.0024421982947356886
v_ctrl,-0.3605920444033302,0.013824330029854576
v_struct,0.005118717237126118,0.9730672610977322
word_len,0.16626566627411066,0.26944439127842895
is_ai,0.3971965414559176,0.0062717766989387295
