metric,spearman_rho,p_value
v_raw,-0.2743755781683626,0.06499640813588314
v_ctrl,-0.0637976313872299,0.6735958233933221
v_struct,-0.09700894233734196,0.5212920571634316
word_len,0.16626566627411066,0.26944439127842895
is_ai,0.3971965414559176,0.0062717766989387295
