metric,spearman_rho,p_value
v_raw,-0.41510946654332403,0.004122822436846408
v_ctrl,0.11352769995406482,0.452516839434911
v_struct,-0.22047486894850443,0.14092167117169108
word_len,0.16626566627411066,0.26944439127842895
is_ai,0.3971965414559176,0.0062717766989387295
