metric,spearman_rho,p_value
v_raw,0.4168302926522456,4.414024912592292e-11
v_ctrl,0.43533325180314525,4.708326313762946e-12
v_struct,-0.13571841201063084,0.039726408165054454
word_len,0.08812188377603387,0.18294389773039688
is_ai,0.244404484519884,0.00018161198392868978
