metric,spearman_rho,p_value
v_raw,-0.5255010792476102,0.00017675945603042972
v_ctrl,-0.3214924452667283,0.029356772692804
v_struct,-0.1627505396238051,0.2798417012824162
word_len,0.16626566627411066,0.26944439127842895
is_ai,0.3971965414559176,0.0062717766989387295
