metric,spearman_rho,p_value
v_raw,-0.4646931853222325,0.0011398534942237732
v_ctrl,-0.36947271045328395,0.011502738954633336
v_struct,-0.07567067530064756,0.6172039918859709
word_len,0.16626566627411066,0.26944439127842895
is_ai,0.3971965414559176,0.0062717766989387295
