metric,spearman_rho,p_value
v_raw,-0.5279679309281529,0.00016264482288825128
v_ctrl,-0.4275670675300647,0.00303816277327802
v_struct,-0.10921985815602836,0.4699596450508247
word_len,0.16626566627411066,0.26944439127842895
is_ai,0.3971965414559176,0.0062717766989387295
