metric,spearman_rho,p_value
v_raw,-0.5042861547949429,0.0003524153743306195
v_ctrl,-0.28226950354609925,0.057353327377845785
v_struct,-0.13092815294480417,0.3857766951511446
word_len,0.16626566627411066,0.26944439127842895
is_ai,0.3971965414559176,0.0062717766989387295
