metric,spearman_rho,p_value
v_raw,-0.2743755781683626,0.06499640813588314
v_ctrl,-0.209127351218008,0.16307187708479626
v_struct,0.0717237126117792,0.6357300703772965
word_len,0.16626566627411066,0.26944439127842895
is_ai,0.3971965414559176,0.0062717766989387295
